i,Protocolo,Tamanho_Bytes,N_Mensagens,Tempo_Medio_s,Desvio_Padrao_s,Throughput_Bytes_s,Throughput_KB_s,Tempos_Brutos_s
0,IPv4,1,1,0.000242100,0.000060315,4130.52,4.03,0.000181000;0.000172000;0.000327000;0.000162000;0.000258000;0.000224000;0.000267000;0.000227000;0.000270000;0.000333000
0,IPv6,1,1,0.000319600,0.000087281,3128.91,3.06,0.000243000;0.000271000;0.000271000;0.000311000;0.000527000;0.000311000;0.000396000;0.000299000;0.000229000;0.000338000
1,IPv4,2,1,0.000316700,0.000090320,6315.12,6.17,0.000241000;0.000287000;0.000328000;0.000561000;0.000297000;0.000266000;0.000280000;0.000310000;0.000330000;0.000267000
1,IPv6,2,1,0.000323000,0.000074153,6191.95,6.05,0.000254000;0.000421000;0.000251000;0.000309000;0.000465000;0.000286000;0.000288000;0.000277000;0.000386000;0.000293000
2,IPv4,4,1,0.000301000,0.000042103,13289.04,12.98,0.000289000;0.000304000;0.000348000;0.000267000;0.000229000;0.000304000;0.000378000;0.000281000;0.000284000;0.000326000
2,IPv6,4,1,0.000287700,0.000036258,13903.37,13.58,0.000310000;0.000253000;0.000287000;0.000254000;0.000288000;0.000257000;0.000246000;0.000311000;0.000311000;0.000360000
3,IPv4,8,1,0.000268800,0.000037055,29761.90,29.06,0.000298000;0.000253000;0.000284000;0.000281000;0.000227000;0.000281000;0.000193000;0.000263000;0.000285000;0.000323000
3,IPv6,8,1,0.000303000,0.000034529,26402.64,25.78,0.000338000;0.000290000;0.000294000;0.000358000;0.000257000;0.000310000;0.000315000;0.000313000;0.000313000;0.000242000
4,IPv4,16,1,0.000305500,0.000061581,52373.16,51.15,0.000317000;0.000241000;0.000455000;0.000270000;0.000276000;0.000340000;0.000277000;0.000252000;0.000327000;0.000300000
4,IPv6,16,1,0.000318900,0.000068968,50172.47,49.00,0.000312000;0.000459000;0.000274000;0.000247000;0.000268000;0.000248000;0.000337000;0.000403000;0.000342000;0.000299000
5,IPv4,32,1,0.000310000,0.000043438,103225.81,100.81,0.000341000;0.000311000;0.000248000;0.000402000;0.000321000;0.000285000;0.000307000;0.000331000;0.000264000;0.000290000
5,IPv6,32,1,0.000288800,0.000053364,110803.32,108.21,0.000303000;0.000276000;0.000385000;0.000192000;0.000348000;0.000294000;0.000262000;0.000271000;0.000309000;0.000248000
6,IPv4,64,1,0.000290200,0.000044284,220537.56,215.37,0.000213000;0.000353000;0.000252000;0.000302000;0.000332000;0.000269000;0.000296000;0.000305000;0.000247000;0.000333000
6,IPv6,64,1,0.000285200,0.000055439,224403.93,219.14,0.000245000;0.000327000;0.000208000;0.000335000;0.000332000;0.000260000;0.000374000;0.000292000;0.000218000;0.000261000
7,IPv4,128,1,0.000283500,0.000069610,451499.12,440.92,0.000208000;0.000173000;0.000403000;0.000264000;0.000329000;0.000254000;0.000366000;0.000308000;0.000267000;0.000263000
7,IPv6,128,1,0.000330600,0.000091509,387174.83,378.10,0.000443000;0.000421000;0.000290000;0.000250000;0.000354000;0.000480000;0.000215000;0.000254000;0.000265000;0.000334000
8,IPv4,256,1,0.000327100,0.000151086,782635.28,764.29,0.000174000;0.000239000;0.000422000;0.000228000;0.000690000;0.000310000;0.000425000;0.000270000;0.000274000;0.000239000
8,IPv6,256,1,0.000307600,0.000071660,832249.67,812.74,0.000376000;0.000363000;0.000240000;0.000407000;0.000375000;0.000332000;0.000263000;0.000215000;0.000219000;0.000286000
9,IPv4,512,1,0.000284300,0.000049017,1800914.53,1758.71,0.000226000;0.000268000;0.000350000;0.000251000;0.000375000;0.000316000;0.000259000;0.000299000;0.000253000;0.000246000
9,IPv6,512,1,0.000298300,0.000080745,1716392.89,1676.16,0.000256000;0.000356000;0.000249000;0.000338000;0.000305000;0.000281000;0.000275000;0.000227000;0.000487000;0.000209000
10,IPv4,1024,1,0.000254600,0.000020134,4021995.29,3927.73,0.000254000;0.000250000;0.000230000;0.000261000;0.000249000;0.000260000;0.000244000;0.000298000;0.000229000;0.000271000
10,IPv6,1024,1,0.000264700,0.000063655,3868530.41,3777.86,0.000230000;0.000324000;0.000252000;0.000232000;0.000264000;0.000214000;0.000252000;0.000232000;0.000224000;0.000423000
11,IPv4,2048,1,0.000295000,0.000054261,6942372.88,6779.66,0.000281000;0.000231000;0.000304000;0.000283000;0.000399000;0.000321000;0.000297000;0.000241000;0.000358000;0.000235000
11,IPv6,2048,1,0.000292800,0.000061908,6994535.52,6830.60,0.000224000;0.000400000;0.000313000;0.000319000;0.000263000;0.000234000;0.000326000;0.000265000;0.000366000;0.000218000
12,IPv4,4096,1,0.000240500,0.000017665,17031185.03,16632.02,0.000228000;0.000254000;0.000265000;0.000246000;0.000258000;0.000248000;0.000214000;0.000247000;0.000229000;0.000216000
12,IPv6,4096,1,0.000280700,0.000051123,14592091.20,14250.09,0.000170000;0.000243000;0.000343000;0.000343000;0.000273000;0.000307000;0.000277000;0.000268000;0.000313000;0.000270000
13,IPv4,8192,1,0.000284100,0.000043895,28834917.28,28159.10,0.000341000;0.000259000;0.000311000;0.000238000;0.000252000;0.000328000;0.000300000;0.000275000;0.000210000;0.000327000
13,IPv6,8192,1,0.000265400,0.000049370,30866616.43,30143.18,0.000245000;0.000260000;0.000373000;0.000258000;0.000229000;0.000264000;0.000212000;0.000332000;0.000242000;0.000239000
14,IPv4,16384,1,0.000259600,0.000031345,63112480.74,61633.28,0.000246000;0.000301000;0.000211000;0.000303000;0.000286000;0.000264000;0.000226000;0.000274000;0.000248000;0.000237000
14,IPv6,16384,1,0.000254000,0.000042815,64503937.01,62992.13,0.000259000;0.000216000;0.000257000;0.000271000;0.000252000;0.000206000;0.000241000;0.000212000;0.000355000;0.000271000
15,IPv4,32768,1,0.000250100,0.000046993,131019592.16,127948.82,0.000239000;0.000217000;0.000312000;0.000227000;0.000271000;0.000250000;0.000334000;0.000247000;0.000235000;0.000169000
15,IPv6,32768,1,0.000285300,0.000058477,114854539.08,112162.64,0.000346000;0.000242000;0.000240000;0.000256000;0.000223000;0.000419000;0.000291000;0.000294000;0.000275000;0.000267000
16,IPv4,65536,1,0.000273300,0.000045505,239795096.96,234174.90,0.000280000;0.000368000;0.000234000;0.000231000;0.000247000;0.000230000;0.000312000;0.000255000;0.000315000;0.000261000
16,IPv6,65536,1,0.000287400,0.000068557,228030619.35,222686.15,0.000285000;0.000237000;0.000241000;0.000297000;0.000336000;0.000231000;0.000301000;0.000455000;0.000255000;0.000236000
